step,type,account,result,journal,ledger_index,hash,explorer
issuer,AccountSet,rnUXWp1Wkc1Cx9wMeCD1qLjBn2oNJeF4VQ,tesSUCCESS,,20651627,E9ED3DC9F13E58D6809A4FA74B224A32D5B5AF3BF2A5FF53C9C1E61479322846,https://testnet.xrpl.org/transactions/E9ED3DC9F13E58D6809A4FA74B224A32D5B5AF3BF2A5FF53C9C1E61479322846
issuer,AccountSet,rnUXWp1Wkc1Cx9wMeCD1qLjBn2oNJeF4VQ,tesSUCCESS,,20651629,2853F6FBC9629B12B1981F3912EBBB57097D96730D840A3301B15D65345EDD9C,https://testnet.xrpl.org/transactions/2853F6FBC9629B12B1981F3912EBBB57097D96730D840A3301B15D65345EDD9C
issuer,TrustSet,rNMX6UVmofNPJLoHDrzcK1DHkZryyie417,tesSUCCESS,,20651630,297D3138DA83729B10EBA8598D4F006F0BCF25B027157AD81A03968D14ADDF80,https://testnet.xrpl.org/transactions/297D3138DA83729B10EBA8598D4F006F0BCF25B027157AD81A03968D14ADDF80
issuer,TrustSet,rw6ocihADRc5ZpVdCkn3dcXH2Ydpu46ayk,tesSUCCESS,,20651631,BC78256DACC6B68F7D4DF3990070E66EA4096E19701FE14105FE6B448CE5D018,https://testnet.xrpl.org/transactions/BC78256DACC6B68F7D4DF3990070E66EA4096E19701FE14105FE6B448CE5D018
issuer,TrustSet,rJF3Sh6dfMdoeEhUE2npuJWaGBSJ54qFus,tesSUCCESS,,20651633,22B8273678236D4720DE9D58CD466937E03C5A01009497DA81476FB815BCA3FE,https://testnet.xrpl.org/transactions/22B8273678236D4720DE9D58CD466937E03C5A01009497DA81476FB815BCA3FE
issuer,TrustSet,rBoFXsB28KvW9qXqQdQR95CmGRi7Ky4qXv,tesSUCCESS,,20651634,6644794529919174771E74F658021EE5321715E98B946C4FC1CC096B1B4B2591,https://testnet.xrpl.org/transactions/6644794529919174771E74F658021EE5321715E98B946C4FC1CC096B1B4B2591
issuer,TrustSet,rsgP1oSMo4m84QzzXRWZVPK5u888Ds9Fvc,tesSUCCESS,,20651636,A94F9DA6872FF7A29C86EF1B46B2CDEC03EE3A620146FDCD254C61821F2197A3,https://testnet.xrpl.org/transactions/A94F9DA6872FF7A29C86EF1B46B2CDEC03EE3A620146FDCD254C61821F2197A3
issuer,TrustSet,rf7qRrUbtphcfY8bdL3b3gAuUS8ZusT2cj,tesSUCCESS,,20651638,3859B307588FD2B2BEE8C083F652F087C5A17207962EBF7F283F3FC7EE9BBB66,https://testnet.xrpl.org/transactions/3859B307588FD2B2BEE8C083F652F087C5A17207962EBF7F283F3FC7EE9BBB66
issuer,TrustSet,rJWq1KD6faxrybaAQehFX2UXikpkvDPRzL,tesSUCCESS,,20651640,77AF6BAEBBBDFE1023670BADE19E7CABBE63F9C6D43EDDECAE14E22B17816B4A,https://testnet.xrpl.org/transactions/77AF6BAEBBBDFE1023670BADE19E7CABBE63F9C6D43EDDECAE14E22B17816B4A
issuer,TrustSet,rDRWpXXCXHeCgLRX7Tp5hUTGkRWtft9x7V,tesSUCCESS,,20651642,F34755BDBEA8D47E645445CAA97594A89DA86263732D080D8380AF6595394AD2,https://testnet.xrpl.org/transactions/F34755BDBEA8D47E645445CAA97594A89DA86263732D080D8380AF6595394AD2
issuer,TrustSet,r3XanZLrXWoi7D9v8RYVVgXdJPfqHNQ4nk,tesSUCCESS,,20651643,26EDACB500E4036A14306428337C04898E5FD42751A2055F8187BE698F71A7F9,https://testnet.xrpl.org/transactions/26EDACB500E4036A14306428337C04898E5FD42751A2055F8187BE698F71A7F9
issuer,TrustSet,rPxzegVg3CswUxkXZDm6kNeWFXZsaq5TcB,tesSUCCESS,,20651645,8265F78A665D07AB3BBF53AE992319C34A5DABF9222B203DEF2557DF27B30F2D,https://testnet.xrpl.org/transactions/8265F78A665D07AB3BBF53AE992319C34A5DABF9222B203DEF2557DF27B30F2D
issuer,Payment,rnUXWp1Wkc1Cx9wMeCD1qLjBn2oNJeF4VQ,tesSUCCESS,,20651646,F3A0E75F6CCB34E805BE5C16924950F1CA0830832CE04143C2F0407540218861,https://testnet.xrpl.org/transactions/F3A0E75F6CCB34E805BE5C16924950F1CA0830832CE04143C2F0407540218861
issuer,Payment,rnUXWp1Wkc1Cx9wMeCD1qLjBn2oNJeF4VQ,tesSUCCESS,,20651647,0E0C66E720F4A6081C13657D8B4FCD7C935F255891674DCAE55E740484498D13,https://testnet.xrpl.org/transactions/0E0C66E720F4A6081C13657D8B4FCD7C935F255891674DCAE55E740484498D13
record,NFTokenMint,rNMX6UVmofNPJLoHDrzcK1DHkZryyie417,tesSUCCESS,,20651649,C726C1B710111AAE1CF237901BC858EAC56179BE0666A681967DE1AFE39006A4,https://testnet.xrpl.org/transactions/C726C1B710111AAE1CF237901BC858EAC56179BE0666A681967DE1AFE39006A4
servicing:initial_deposit,Payment,rNMX6UVmofNPJLoHDrzcK1DHkZryyie417,tesSUCCESS,validated,,F8694B3ADF052CBC32E18AAF6C8F5D87F617EBBBDFF5694617F04BF6AB165BB3,https://testnet.xrpl.org/transactions/F8694B3ADF052CBC32E18AAF6C8F5D87F617EBBBDFF5694617F04BF6AB165BB3
servicing:initial_deposit,Payment,rNMX6UVmofNPJLoHDrzcK1DHkZryyie417,tesSUCCESS,validated,,DB38853A3BE62C8FE3183A3B96C47D2A5D1706FFA0FBD6E0F30C5ECC1116DD23,https://testnet.xrpl.org/transactions/DB38853A3BE62C8FE3183A3B96C47D2A5D1706FFA0FBD6E0F30C5ECC1116DD23
servicing:receipt,Payment,rJF3Sh6dfMdoeEhUE2npuJWaGBSJ54qFus,tesSUCCESS,validated,,E2392EF54AA2B8A91D2AB91485F5E8066E881D41913265ADC21C316709C18711,https://testnet.xrpl.org/transactions/E2392EF54AA2B8A91D2AB91485F5E8066E881D41913265ADC21C316709C18711
servicing:pi,Payment,rNMX6UVmofNPJLoHDrzcK1DHkZryyie417,tesSUCCESS,validated,,47684E8988FAAAFC1808A6945DE2663E8F2DEF0BF76F5C095256BD41FEF490DE,https://testnet.xrpl.org/transactions/47684E8988FAAAFC1808A6945DE2663E8F2DEF0BF76F5C095256BD41FEF490DE
servicing:tax,Payment,rNMX6UVmofNPJLoHDrzcK1DHkZryyie417,tesSUCCESS,validated,,6CA21A66F0F34E9F5B90669DAC20F2CD41747B6A997A0CFD9DEFC9D4B3EAD0BC,https://testnet.xrpl.org/transactions/6CA21A66F0F34E9F5B90669DAC20F2CD41747B6A997A0CFD9DEFC9D4B3EAD0BC
servicing:hazard,Payment,rNMX6UVmofNPJLoHDrzcK1DHkZryyie417,tesSUCCESS,validated,,3300FB9558E96C9BAA5A246D94A9B34141C2278C9FC9981442953A08EED111F8,https://testnet.xrpl.org/transactions/3300FB9558E96C9BAA5A246D94A9B34141C2278C9FC9981442953A08EED111F8
servicing:mip,Payment,rNMX6UVmofNPJLoHDrzcK1DHkZryyie417,tesSUCCESS,validated,,4A9494EC75233888DB7C6E59A27ACC73FD70E6C1FCE30368223C419CA0EB1481,https://testnet.xrpl.org/transactions/4A9494EC75233888DB7C6E59A27ACC73FD70E6C1FCE30368223C419CA0EB1481
servicing:mip_remit,Payment,rf7qRrUbtphcfY8bdL3b3gAuUS8ZusT2cj,tesSUCCESS,validated,,CA78BFBB22294E51352FDA14B835492C5B89831811FA7C618EBE9021D87BC27B,https://testnet.xrpl.org/transactions/CA78BFBB22294E51352FDA14B835492C5B89831811FA7C618EBE9021D87BC27B
servicing:receipt,Payment,rJF3Sh6dfMdoeEhUE2npuJWaGBSJ54qFus,tesSUCCESS,validated,,5289B968C0E0C3B5D5AD064D032C29CBB7C197AC69FEE050CB3EF36141B3ADAF,https://testnet.xrpl.org/transactions/5289B968C0E0C3B5D5AD064D032C29CBB7C197AC69FEE050CB3EF36141B3ADAF
servicing:pi,Payment,rNMX6UVmofNPJLoHDrzcK1DHkZryyie417,tesSUCCESS,validated,,5094A3F9DDF514EE8A28BD7F3758C908D72D55B54DD7FAF53450CB02B4DDAF06,https://testnet.xrpl.org/transactions/5094A3F9DDF514EE8A28BD7F3758C908D72D55B54DD7FAF53450CB02B4DDAF06
servicing:tax,Payment,rNMX6UVmofNPJLoHDrzcK1DHkZryyie417,tesSUCCESS,validated,,179937E74B12DB6D57295B724DCE5FC5CE953D5D49E152E88BA15F16C52C3150,https://testnet.xrpl.org/transactions/179937E74B12DB6D57295B724DCE5FC5CE953D5D49E152E88BA15F16C52C3150
servicing:hazard,Payment,rNMX6UVmofNPJLoHDrzcK1DHkZryyie417,tesSUCCESS,validated,,D1D819C9CCB63150675F9549DD1B0D4A9CF346533234B5A9E369D0862303A64C,https://testnet.xrpl.org/transactions/D1D819C9CCB63150675F9549DD1B0D4A9CF346533234B5A9E369D0862303A64C
servicing:mip,Payment,rNMX6UVmofNPJLoHDrzcK1DHkZryyie417,tesSUCCESS,validated,,A69EBE0FD04BCF36957AC5BF600D081D8E870C9377FE05C293F704B336752B3D,https://testnet.xrpl.org/transactions/A69EBE0FD04BCF36957AC5BF600D081D8E870C9377FE05C293F704B336752B3D
servicing:mip_remit,Payment,rf7qRrUbtphcfY8bdL3b3gAuUS8ZusT2cj,tesSUCCESS,validated,,01F068013FDE28931ED056F2206B891FCF8636D2742314C60B05EC568EF4F36A,https://testnet.xrpl.org/transactions/01F068013FDE28931ED056F2206B891FCF8636D2742314C60B05EC568EF4F36A
servicing:advance,Payment,rNMX6UVmofNPJLoHDrzcK1DHkZryyie417,tesSUCCESS,validated,,765169A7802F9FC45A9E92D865FDFC5D48E9C9CC77092B60A9C201C54425194A,https://testnet.xrpl.org/transactions/765169A7802F9FC45A9E92D865FDFC5D48E9C9CC77092B60A9C201C54425194A
escrow,EscrowCreate,rBoFXsB28KvW9qXqQdQR95CmGRi7Ky4qXv,tesSUCCESS,,20651686,4CABC81C080671C3D54EE0EFD31EE5B91058FA5D77D142BCF0A2E5D74D6AA843,https://testnet.xrpl.org/transactions/4CABC81C080671C3D54EE0EFD31EE5B91058FA5D77D142BCF0A2E5D74D6AA843
escrow:early-finish,EscrowFinish,rNMX6UVmofNPJLoHDrzcK1DHkZryyie417,tecNO_PERMISSION,,20651688,F0A64277349911AE49D75E4FCD6708D7F05A56E3BB1159F57007DBFCB80B728E,https://testnet.xrpl.org/transactions/F0A64277349911AE49D75E4FCD6708D7F05A56E3BB1159F57007DBFCB80B728E
escrow,EscrowFinish,rNMX6UVmofNPJLoHDrzcK1DHkZryyie417,tesSUCCESS,,20651693,D0277A4FE93422E6500C54476A455659CEE3E2019504EA97772290DAE0D3D20F,https://testnet.xrpl.org/transactions/D0277A4FE93422E6500C54476A455659CEE3E2019504EA97772290DAE0D3D20F
servicing:receipt,Payment,rJF3Sh6dfMdoeEhUE2npuJWaGBSJ54qFus,tesSUCCESS,validated,,73534DAFAD277EA5A88461537B7C05E6913480DF976A31D015CBF7321BD672CF,https://testnet.xrpl.org/transactions/73534DAFAD277EA5A88461537B7C05E6913480DF976A31D015CBF7321BD672CF
servicing:pi,Payment,rNMX6UVmofNPJLoHDrzcK1DHkZryyie417,tesSUCCESS,validated,,D1E1641E1F63D652B15D9D1ECA345AC3D0E8283B0DF57EF7951A31639090DDC5,https://testnet.xrpl.org/transactions/D1E1641E1F63D652B15D9D1ECA345AC3D0E8283B0DF57EF7951A31639090DDC5
servicing:tax,Payment,rNMX6UVmofNPJLoHDrzcK1DHkZryyie417,tesSUCCESS,validated,,6C646DE75FFD02B8302DA408C68C322BE86834D305072C515680912CE42BAB78,https://testnet.xrpl.org/transactions/6C646DE75FFD02B8302DA408C68C322BE86834D305072C515680912CE42BAB78
servicing:hazard,Payment,rNMX6UVmofNPJLoHDrzcK1DHkZryyie417,tesSUCCESS,validated,,3FD96C59C0BFC4ABDD25C07E91CC15FD1EC54D741854680F97E1FC6F82B0215D,https://testnet.xrpl.org/transactions/3FD96C59C0BFC4ABDD25C07E91CC15FD1EC54D741854680F97E1FC6F82B0215D
servicing:mip,Payment,rNMX6UVmofNPJLoHDrzcK1DHkZryyie417,tesSUCCESS,validated,,97AF7880071547922B9FAE2ECF33C022FD694DAEA6EBAACD477C2CB4E018FFAD,https://testnet.xrpl.org/transactions/97AF7880071547922B9FAE2ECF33C022FD694DAEA6EBAACD477C2CB4E018FFAD
servicing:mip_remit,Payment,rf7qRrUbtphcfY8bdL3b3gAuUS8ZusT2cj,tesSUCCESS,validated,,4FFD29BFF1B051FDB469156BDDE1B1E18A7E345E436CC0D0FDABB550EDAB5EAC,https://testnet.xrpl.org/transactions/4FFD29BFF1B051FDB469156BDDE1B1E18A7E345E436CC0D0FDABB550EDAB5EAC
servicing:receipt,Payment,rJF3Sh6dfMdoeEhUE2npuJWaGBSJ54qFus,tesSUCCESS,validated,,C4D40B425DF067CD8CFEA2F542B5DEF23E93593D0DE8DDDB7B254266976B9617,https://testnet.xrpl.org/transactions/C4D40B425DF067CD8CFEA2F542B5DEF23E93593D0DE8DDDB7B254266976B9617
servicing:pi,Payment,rNMX6UVmofNPJLoHDrzcK1DHkZryyie417,tesSUCCESS,validated,,56F78AF7C013C2F18B5DAA550CBBCD1ADC9212CC639D365F9AEC911102158CC6,https://testnet.xrpl.org/transactions/56F78AF7C013C2F18B5DAA550CBBCD1ADC9212CC639D365F9AEC911102158CC6
servicing:tax,Payment,rNMX6UVmofNPJLoHDrzcK1DHkZryyie417,tesSUCCESS,validated,,B941CBC13639264ED9AD8BDE1A579B5CAD2F59FAEA1673BB1B440EC426E5C92B,https://testnet.xrpl.org/transactions/B941CBC13639264ED9AD8BDE1A579B5CAD2F59FAEA1673BB1B440EC426E5C92B
servicing:hazard,Payment,rNMX6UVmofNPJLoHDrzcK1DHkZryyie417,tesSUCCESS,validated,,62E5375AB114F31501FD49A6851A07816E240EFD74E34DA691470BB744D48E66,https://testnet.xrpl.org/transactions/62E5375AB114F31501FD49A6851A07816E240EFD74E34DA691470BB744D48E66
servicing:mip,Payment,rNMX6UVmofNPJLoHDrzcK1DHkZryyie417,tesSUCCESS,validated,,D224F8CD5B6FE604AACF5D7BBBCCEE2F081DF6472DECBB0B997C51044DB3AF43,https://testnet.xrpl.org/transactions/D224F8CD5B6FE604AACF5D7BBBCCEE2F081DF6472DECBB0B997C51044DB3AF43
servicing:mip_remit,Payment,rf7qRrUbtphcfY8bdL3b3gAuUS8ZusT2cj,tesSUCCESS,validated,,8AB112EE4900B597EDEE07A41922B29EB3D65EB8C254E31B68ECCFBEF31FD049,https://testnet.xrpl.org/transactions/8AB112EE4900B597EDEE07A41922B29EB3D65EB8C254E31B68ECCFBEF31FD049
servicing:receipt,Payment,rJF3Sh6dfMdoeEhUE2npuJWaGBSJ54qFus,tesSUCCESS,validated,,EF29667F7771218619534C6C87FDFE4E5014F31F34A8ECE9DEB668FE7E0FE218,https://testnet.xrpl.org/transactions/EF29667F7771218619534C6C87FDFE4E5014F31F34A8ECE9DEB668FE7E0FE218
servicing:pi,Payment,rNMX6UVmofNPJLoHDrzcK1DHkZryyie417,tesSUCCESS,validated,,2799E6C7524E06B35025A6E38BE7165660E887E06017C0F414AB96E43ED3B88E,https://testnet.xrpl.org/transactions/2799E6C7524E06B35025A6E38BE7165660E887E06017C0F414AB96E43ED3B88E
servicing:tax,Payment,rNMX6UVmofNPJLoHDrzcK1DHkZryyie417,tesSUCCESS,validated,,E88F07A9FCA6F324BDD2AD9FB99BB84E119CD66CA9A5B4933D9F2B36181B1C31,https://testnet.xrpl.org/transactions/E88F07A9FCA6F324BDD2AD9FB99BB84E119CD66CA9A5B4933D9F2B36181B1C31
servicing:hazard,Payment,rNMX6UVmofNPJLoHDrzcK1DHkZryyie417,tesSUCCESS,validated,,22B9FC906F5DFB2534EE12841B9821B7D16AFD02AAA84BACCBE4DADA3300F6B3,https://testnet.xrpl.org/transactions/22B9FC906F5DFB2534EE12841B9821B7D16AFD02AAA84BACCBE4DADA3300F6B3
servicing:mip,Payment,rNMX6UVmofNPJLoHDrzcK1DHkZryyie417,tesSUCCESS,validated,,0BBEAFCB6608B7D92EA9AC2261164DA05314514B9ADE0E52D470C87C05CB58DD,https://testnet.xrpl.org/transactions/0BBEAFCB6608B7D92EA9AC2261164DA05314514B9ADE0E52D470C87C05CB58DD
servicing:mip_remit,Payment,rf7qRrUbtphcfY8bdL3b3gAuUS8ZusT2cj,tesSUCCESS,validated,,55EE15077CDD132FAF836FACA50DC36EA81F646530604EA15C646AF292BCC141,https://testnet.xrpl.org/transactions/55EE15077CDD132FAF836FACA50DC36EA81F646530604EA15C646AF292BCC141
servicing:receipt,Payment,rJF3Sh6dfMdoeEhUE2npuJWaGBSJ54qFus,tesSUCCESS,validated,,F7901ED5CBD1FF80994AD5750B03843849B3A433FCAC2616372673C706381DE2,https://testnet.xrpl.org/transactions/F7901ED5CBD1FF80994AD5750B03843849B3A433FCAC2616372673C706381DE2
servicing:pi,Payment,rNMX6UVmofNPJLoHDrzcK1DHkZryyie417,tesSUCCESS,validated,,993C9735DCBA0C29017AE5DC10EA5BCA2185A89351D6679C28BDF608F3AEC977,https://testnet.xrpl.org/transactions/993C9735DCBA0C29017AE5DC10EA5BCA2185A89351D6679C28BDF608F3AEC977
servicing:tax,Payment,rNMX6UVmofNPJLoHDrzcK1DHkZryyie417,tesSUCCESS,validated,,A97B8EA79BAF8404944AB40023A06DFC0D5C127BD066AD88C2F0BF274C6541C7,https://testnet.xrpl.org/transactions/A97B8EA79BAF8404944AB40023A06DFC0D5C127BD066AD88C2F0BF274C6541C7
servicing:hazard,Payment,rNMX6UVmofNPJLoHDrzcK1DHkZryyie417,tesSUCCESS,validated,,9E7D6EECD6B3F002CC5C7C3C257917026D322D62F6702FB77BA37FC609E128B7,https://testnet.xrpl.org/transactions/9E7D6EECD6B3F002CC5C7C3C257917026D322D62F6702FB77BA37FC609E128B7
servicing:mip,Payment,rNMX6UVmofNPJLoHDrzcK1DHkZryyie417,tesSUCCESS,validated,,56E4B3FA1DBD30265AFB2384F694762630BA9C0BF37BED6F817DA2AB1C9C8270,https://testnet.xrpl.org/transactions/56E4B3FA1DBD30265AFB2384F694762630BA9C0BF37BED6F817DA2AB1C9C8270
servicing:mip_remit,Payment,rf7qRrUbtphcfY8bdL3b3gAuUS8ZusT2cj,tesSUCCESS,validated,,977DDE4831178ACD22FE9B9157FD8D8FAF0DA722E1468443EBAB401C019E0F9B,https://testnet.xrpl.org/transactions/977DDE4831178ACD22FE9B9157FD8D8FAF0DA722E1468443EBAB401C019E0F9B
servicing:receipt,Payment,rJF3Sh6dfMdoeEhUE2npuJWaGBSJ54qFus,tesSUCCESS,validated,,968F6F38E38EE14FBCBD74C0374FBF00F0A792C28554795133C1BCCD54E2176C,https://testnet.xrpl.org/transactions/968F6F38E38EE14FBCBD74C0374FBF00F0A792C28554795133C1BCCD54E2176C
servicing:pi,Payment,rNMX6UVmofNPJLoHDrzcK1DHkZryyie417,tesSUCCESS,validated,,F6418103E4E20F385C464EE3378F3789C9E25A48986454062170571E70CF24DD,https://testnet.xrpl.org/transactions/F6418103E4E20F385C464EE3378F3789C9E25A48986454062170571E70CF24DD
servicing:tax,Payment,rNMX6UVmofNPJLoHDrzcK1DHkZryyie417,tesSUCCESS,validated,,A621B4B1A01DEB33297FF59166F8024218EEF674C7EEC0C8C5EA796627382F73,https://testnet.xrpl.org/transactions/A621B4B1A01DEB33297FF59166F8024218EEF674C7EEC0C8C5EA796627382F73
servicing:hazard,Payment,rNMX6UVmofNPJLoHDrzcK1DHkZryyie417,tesSUCCESS,validated,,6583E2695143C3AB4EE4E21DC0EF506523C5E9F5C58A906E0C6962108E490276,https://testnet.xrpl.org/transactions/6583E2695143C3AB4EE4E21DC0EF506523C5E9F5C58A906E0C6962108E490276
servicing:mip,Payment,rNMX6UVmofNPJLoHDrzcK1DHkZryyie417,tesSUCCESS,validated,,2892DDDD91108503BECEB03E8D38C31F28E655E3C960800166F7A66DF06ACE08,https://testnet.xrpl.org/transactions/2892DDDD91108503BECEB03E8D38C31F28E655E3C960800166F7A66DF06ACE08
servicing:mip_remit,Payment,rf7qRrUbtphcfY8bdL3b3gAuUS8ZusT2cj,tesSUCCESS,validated,,0FE8D31E4B8D5AA82613E3AB0B686F6F0F2A648FB97EE71B45BA2F2D3D0DF21B,https://testnet.xrpl.org/transactions/0FE8D31E4B8D5AA82613E3AB0B686F6F0F2A648FB97EE71B45BA2F2D3D0DF21B
servicing:receipt,Payment,rJF3Sh6dfMdoeEhUE2npuJWaGBSJ54qFus,tesSUCCESS,validated,,D0CEC7E22DDDEB46B389610E604785473C5364F60A514A1EE39643C15CBC9DD0,https://testnet.xrpl.org/transactions/D0CEC7E22DDDEB46B389610E604785473C5364F60A514A1EE39643C15CBC9DD0
servicing:pi,Payment,rNMX6UVmofNPJLoHDrzcK1DHkZryyie417,tesSUCCESS,validated,,93D0F24AB0F26397EF1389FE75D2EB29D229FC572588249BB46F528431B4CCF7,https://testnet.xrpl.org/transactions/93D0F24AB0F26397EF1389FE75D2EB29D229FC572588249BB46F528431B4CCF7
servicing:tax,Payment,rNMX6UVmofNPJLoHDrzcK1DHkZryyie417,tesSUCCESS,validated,,516CD4A781FA5AC37738B83F90B0E4ADDC5531830A0163E978C5613559BAAEB4,https://testnet.xrpl.org/transactions/516CD4A781FA5AC37738B83F90B0E4ADDC5531830A0163E978C5613559BAAEB4
servicing:hazard,Payment,rNMX6UVmofNPJLoHDrzcK1DHkZryyie417,tesSUCCESS,validated,,262ABE409E9E03C165403915FBE8016F2CBEF4EB07DE577F89F767FDC4E775AA,https://testnet.xrpl.org/transactions/262ABE409E9E03C165403915FBE8016F2CBEF4EB07DE577F89F767FDC4E775AA
servicing:mip,Payment,rNMX6UVmofNPJLoHDrzcK1DHkZryyie417,tesSUCCESS,validated,,CE5F9A09ECF4A51079A0EBF31CA3DF3146D4922BF63D4657496D12DC23629C41,https://testnet.xrpl.org/transactions/CE5F9A09ECF4A51079A0EBF31CA3DF3146D4922BF63D4657496D12DC23629C41
servicing:mip_remit,Payment,rf7qRrUbtphcfY8bdL3b3gAuUS8ZusT2cj,tesSUCCESS,validated,,7758DBDB5A8A73E0B0D0B312D83DA7C02107581F317DDBBF16CDAA4BDFD8237C,https://testnet.xrpl.org/transactions/7758DBDB5A8A73E0B0D0B312D83DA7C02107581F317DDBBF16CDAA4BDFD8237C
escrow,EscrowCreate,rBoFXsB28KvW9qXqQdQR95CmGRi7Ky4qXv,tesSUCCESS,,20651766,E0B81C324D870C512B669D17B95602C5B8E5EE0E6A4138D116487275E4A40873,https://testnet.xrpl.org/transactions/E0B81C324D870C512B669D17B95602C5B8E5EE0E6A4138D116487275E4A40873
escrow,EscrowFinish,rNMX6UVmofNPJLoHDrzcK1DHkZryyie417,tesSUCCESS,,20651774,28D31FDF40C5E9DE8073D8F380A8B00919A79C67EDD10EA966C8D97F281F88A2,https://testnet.xrpl.org/transactions/28D31FDF40C5E9DE8073D8F380A8B00919A79C67EDD10EA966C8D97F281F88A2
servicing:receipt,Payment,rJF3Sh6dfMdoeEhUE2npuJWaGBSJ54qFus,tesSUCCESS,validated,,95F85C9BC9397D86B39C6EC7B665A4EEE458DD2825C24B421B621D459A85B9BA,https://testnet.xrpl.org/transactions/95F85C9BC9397D86B39C6EC7B665A4EEE458DD2825C24B421B621D459A85B9BA
servicing:pi,Payment,rNMX6UVmofNPJLoHDrzcK1DHkZryyie417,tesSUCCESS,validated,,7F80DBE05E13D9AB592E96895211A0546EA340CB548AFD1507E23A58A2F92A1B,https://testnet.xrpl.org/transactions/7F80DBE05E13D9AB592E96895211A0546EA340CB548AFD1507E23A58A2F92A1B
servicing:tax,Payment,rNMX6UVmofNPJLoHDrzcK1DHkZryyie417,tesSUCCESS,validated,,47DD06FF58CBDE6E1AE637D940F99AEAAEFE8D0F60FCF56C9F41E959F011AE23,https://testnet.xrpl.org/transactions/47DD06FF58CBDE6E1AE637D940F99AEAAEFE8D0F60FCF56C9F41E959F011AE23
servicing:hazard,Payment,rNMX6UVmofNPJLoHDrzcK1DHkZryyie417,tesSUCCESS,validated,,E9242075B1E0E1595F2B3125E8C755DE2E7096EBEA7D92AF6B98C34F446636DC,https://testnet.xrpl.org/transactions/E9242075B1E0E1595F2B3125E8C755DE2E7096EBEA7D92AF6B98C34F446636DC
servicing:mip,Payment,rNMX6UVmofNPJLoHDrzcK1DHkZryyie417,tesSUCCESS,validated,,F24D774C99CA7F5190E347923BE368F43CA5665C4482B46D03731F98923F0546,https://testnet.xrpl.org/transactions/F24D774C99CA7F5190E347923BE368F43CA5665C4482B46D03731F98923F0546
servicing:mip_remit,Payment,rf7qRrUbtphcfY8bdL3b3gAuUS8ZusT2cj,tesSUCCESS,validated,,CE2EB36F01A5B88423FB0A7212D369E3CC4392BD049B6EE24E0BA643F4B3FC0C,https://testnet.xrpl.org/transactions/CE2EB36F01A5B88423FB0A7212D369E3CC4392BD049B6EE24E0BA643F4B3FC0C
servicing:receipt,Payment,rJF3Sh6dfMdoeEhUE2npuJWaGBSJ54qFus,tesSUCCESS,validated,,93F1083B27CEC7C5EE947E667663B06D00D816B98E6BB5FF20C60F5F8E59B4C8,https://testnet.xrpl.org/transactions/93F1083B27CEC7C5EE947E667663B06D00D816B98E6BB5FF20C60F5F8E59B4C8
servicing:pi,Payment,rNMX6UVmofNPJLoHDrzcK1DHkZryyie417,tesSUCCESS,validated,,2668D8B348E5A71C7AC8301A06323D9655FB96FEF750EDE45A40DEBA4C476CB6,https://testnet.xrpl.org/transactions/2668D8B348E5A71C7AC8301A06323D9655FB96FEF750EDE45A40DEBA4C476CB6
servicing:tax,Payment,rNMX6UVmofNPJLoHDrzcK1DHkZryyie417,tesSUCCESS,validated,,130169221A00862564699782F7C6D19E280610EEC7C431328672542B853CC6F9,https://testnet.xrpl.org/transactions/130169221A00862564699782F7C6D19E280610EEC7C431328672542B853CC6F9
servicing:hazard,Payment,rNMX6UVmofNPJLoHDrzcK1DHkZryyie417,tesSUCCESS,validated,,9AC418FFE0C65912B3C458862AEE1A1C5318DAF325943760EAD7FE17FEF075E3,https://testnet.xrpl.org/transactions/9AC418FFE0C65912B3C458862AEE1A1C5318DAF325943760EAD7FE17FEF075E3
servicing:mip,Payment,rNMX6UVmofNPJLoHDrzcK1DHkZryyie417,tesSUCCESS,validated,,6078D99EC5CE0AD5CABC34EAAA1EB2043F7C22784EE152D2BCE2D689C1EC0C8B,https://testnet.xrpl.org/transactions/6078D99EC5CE0AD5CABC34EAAA1EB2043F7C22784EE152D2BCE2D689C1EC0C8B
servicing:mip_remit,Payment,rf7qRrUbtphcfY8bdL3b3gAuUS8ZusT2cj,tesSUCCESS,validated,,624311BA467BA0013B5F047C4FF36B80AB7B2BEA573104E07F6F5E66A9B75BDE,https://testnet.xrpl.org/transactions/624311BA467BA0013B5F047C4FF36B80AB7B2BEA573104E07F6F5E66A9B75BDE
escrow,EscrowCreate,rsgP1oSMo4m84QzzXRWZVPK5u888Ds9Fvc,tesSUCCESS,,20651796,D3F56A4919BF926F5BC64AB209F6B1788AB346CE5018BC8320463ACDCBB87AE2,https://testnet.xrpl.org/transactions/D3F56A4919BF926F5BC64AB209F6B1788AB346CE5018BC8320463ACDCBB87AE2
escrow,EscrowFinish,rNMX6UVmofNPJLoHDrzcK1DHkZryyie417,tesSUCCESS,,20651803,E91F01824B315EFD83921FB093780A3A7E3E8EA51C38D9B2AA76A15B640FA072,https://testnet.xrpl.org/transactions/E91F01824B315EFD83921FB093780A3A7E3E8EA51C38D9B2AA76A15B640FA072
servicing:receipt,Payment,rJF3Sh6dfMdoeEhUE2npuJWaGBSJ54qFus,tesSUCCESS,validated,,CCC1C21F1CB0ADE99CD7B9955A27F5359CB22AA5BECF8A2B89F7E13FC1718B2F,https://testnet.xrpl.org/transactions/CCC1C21F1CB0ADE99CD7B9955A27F5359CB22AA5BECF8A2B89F7E13FC1718B2F
servicing:pi,Payment,rNMX6UVmofNPJLoHDrzcK1DHkZryyie417,tesSUCCESS,validated,,EED9B653841C0E8EB2E8A919D82890D0B501F3950CF68CCB40EB13DC282B7B31,https://testnet.xrpl.org/transactions/EED9B653841C0E8EB2E8A919D82890D0B501F3950CF68CCB40EB13DC282B7B31
servicing:tax,Payment,rNMX6UVmofNPJLoHDrzcK1DHkZryyie417,tesSUCCESS,validated,,A0E14EA271CE19D3113A716DD38DFA97C46412F7F1EA57DEC7442BFF74A1066F,https://testnet.xrpl.org/transactions/A0E14EA271CE19D3113A716DD38DFA97C46412F7F1EA57DEC7442BFF74A1066F
servicing:hazard,Payment,rNMX6UVmofNPJLoHDrzcK1DHkZryyie417,tesSUCCESS,validated,,E9B4FCE7ABDC1052A92FDE85E73316F2A74C6661FC4220594C1A3B49D98ADF17,https://testnet.xrpl.org/transactions/E9B4FCE7ABDC1052A92FDE85E73316F2A74C6661FC4220594C1A3B49D98ADF17
servicing:mip,Payment,rNMX6UVmofNPJLoHDrzcK1DHkZryyie417,tesSUCCESS,validated,,0019CF72FFA71A7CF42D840987C6748D865255B56A369B4E97A6710DA4350E29,https://testnet.xrpl.org/transactions/0019CF72FFA71A7CF42D840987C6748D865255B56A369B4E97A6710DA4350E29
servicing:mip_remit,Payment,rf7qRrUbtphcfY8bdL3b3gAuUS8ZusT2cj,tesSUCCESS,validated,,D14E04916FA00ADFEF870D9EDB743F00D070E9E709119744993805A4BB029D1E,https://testnet.xrpl.org/transactions/D14E04916FA00ADFEF870D9EDB743F00D070E9E709119744993805A4BB029D1E
servicing:receipt,Payment,rJF3Sh6dfMdoeEhUE2npuJWaGBSJ54qFus,tesSUCCESS,validated,,40D2DC43F19C52A40642DE189F0452C23D70DF903C98365B30DBEE89085F6EBD,https://testnet.xrpl.org/transactions/40D2DC43F19C52A40642DE189F0452C23D70DF903C98365B30DBEE89085F6EBD
servicing:pi,Payment,rNMX6UVmofNPJLoHDrzcK1DHkZryyie417,tesSUCCESS,validated,,EB63B29641B0F3AF141A5C312C9CF646F9246A759FEEDCFE697C31C4C69AC249,https://testnet.xrpl.org/transactions/EB63B29641B0F3AF141A5C312C9CF646F9246A759FEEDCFE697C31C4C69AC249
servicing:tax,Payment,rNMX6UVmofNPJLoHDrzcK1DHkZryyie417,tesSUCCESS,validated,,EEC38FABC43F82AE799B531A0845540CCB9C2F99DAF8C403AC57FD4038355E84,https://testnet.xrpl.org/transactions/EEC38FABC43F82AE799B531A0845540CCB9C2F99DAF8C403AC57FD4038355E84
servicing:hazard,Payment,rNMX6UVmofNPJLoHDrzcK1DHkZryyie417,tesSUCCESS,validated,,5F8E8C2410D4BE0930280FF7E635620396A3764591CF49B3BE1DACBA0E58A26B,https://testnet.xrpl.org/transactions/5F8E8C2410D4BE0930280FF7E635620396A3764591CF49B3BE1DACBA0E58A26B
servicing:mip,Payment,rNMX6UVmofNPJLoHDrzcK1DHkZryyie417,tesSUCCESS,validated,,6BA5A93EA36F110E811F8DC03F047C385F3C2CFF47D5C820C70F50281F2F439A,https://testnet.xrpl.org/transactions/6BA5A93EA36F110E811F8DC03F047C385F3C2CFF47D5C820C70F50281F2F439A
servicing:mip_remit,Payment,rf7qRrUbtphcfY8bdL3b3gAuUS8ZusT2cj,tesSUCCESS,validated,,CD4AB59ED8467E80155D3189D9FCF8AB64D3C838CA16E71C71EA2AF9D0227CEE,https://testnet.xrpl.org/transactions/CD4AB59ED8467E80155D3189D9FCF8AB64D3C838CA16E71C71EA2AF9D0227CEE
escrow,EscrowCreate,rsgP1oSMo4m84QzzXRWZVPK5u888Ds9Fvc,tesSUCCESS,,20651825,04DD1C290A53BAC355DB9708486587F6FBEC0710AE37458428F8C5DCF6C760C3,https://testnet.xrpl.org/transactions/04DD1C290A53BAC355DB9708486587F6FBEC0710AE37458428F8C5DCF6C760C3
escrow,EscrowCancel,rNMX6UVmofNPJLoHDrzcK1DHkZryyie417,tesSUCCESS,,20651836,30B6B9B07E35C57682072F0A7409D01BA44E080B6CAD650C1EB1E252381275B2,https://testnet.xrpl.org/transactions/30B6B9B07E35C57682072F0A7409D01BA44E080B6CAD650C1EB1E252381275B2
record,NFTokenCreateOffer,rNMX6UVmofNPJLoHDrzcK1DHkZryyie417,tesSUCCESS,,20651837,8CA2384C3332E62132A6026350F03E6EF0DCB1EC5B553538BA1F63C3FECF77DD,https://testnet.xrpl.org/transactions/8CA2384C3332E62132A6026350F03E6EF0DCB1EC5B553538BA1F63C3FECF77DD
record,NFTokenAcceptOffer,rPxzegVg3CswUxkXZDm6kNeWFXZsaq5TcB,tesSUCCESS,,20651839,90A3C58CBFAC5353D12698119B914C9D753D9103B606133D7189F615799C943D,https://testnet.xrpl.org/transactions/90A3C58CBFAC5353D12698119B914C9D753D9103B606133D7189F615799C943D
keys:signer-list,SignerListSet,rPxzegVg3CswUxkXZDm6kNeWFXZsaq5TcB,tesSUCCESS,,20651841,EB594675E4D5146B31AEEEF86814FD6CCF3FDF444F8B2C1D4421D3460AB7CDA3,https://testnet.xrpl.org/transactions/EB594675E4D5146B31AEEEF86814FD6CCF3FDF444F8B2C1D4421D3460AB7CDA3
keys:one-signer-refused,AccountSet,rPxzegVg3CswUxkXZDm6kNeWFXZsaq5TcB,tefBAD_QUORUM,,,,
keys:two-signers,AccountSet,rPxzegVg3CswUxkXZDm6kNeWFXZsaq5TcB,tesSUCCESS,,20651842,FC9BA1FC4721D82B221CEF892D52DDA639B9AC2DFEE6B5A9F91F29A65DACEE64,https://testnet.xrpl.org/transactions/FC9BA1FC4721D82B221CEF892D52DDA639B9AC2DFEE6B5A9F91F29A65DACEE64
keys,SetRegularKey,rPxzegVg3CswUxkXZDm6kNeWFXZsaq5TcB,tesSUCCESS,,20651844,ADB00A529137DC60A5EB8F59D1DA624A2114EC80E9AAEA632E4D6EA9F434FB2D,https://testnet.xrpl.org/transactions/ADB00A529137DC60A5EB8F59D1DA624A2114EC80E9AAEA632E4D6EA9F434FB2D
keys,AccountSet,rPxzegVg3CswUxkXZDm6kNeWFXZsaq5TcB,tesSUCCESS,,20651846,1789682DB1018D4891B64EB0D9DBD57C9937013991B5F60BF87A8A44CC2A75CC,https://testnet.xrpl.org/transactions/1789682DB1018D4891B64EB0D9DBD57C9937013991B5F60BF87A8A44CC2A75CC
keys,AccountSet,rPxzegVg3CswUxkXZDm6kNeWFXZsaq5TcB,tesSUCCESS,,20651848,B23D062AC835F7CA365183A6C4953B835063B751CBA5CA4527B1080FDC340B09,https://testnet.xrpl.org/transactions/B23D062AC835F7CA365183A6C4953B835063B751CBA5CA4527B1080FDC340B09
keys:master-refused,AccountSet,rPxzegVg3CswUxkXZDm6kNeWFXZsaq5TcB,tefMASTER_DISABLED,,,,
